doc_num,statute_code,js_date,doc_incarcerated_term_yrs,statute_desc,violent,burglary,burg_cat,file_month
597094,21-1431,2019-06-18,10.5,BURGLARY - FIRST DEGREE,Y,TRUE,FIRST DEGREE,2019-06-01
691663,21-1431,2018-04-23,3.5,BURGLARY - FIRST DEGREE,Y,TRUE,FIRST DEGREE,2018-04-01
789845,21-1431,2018-01-30,5,BURGLARY - FIRST DEGREE,Y,TRUE,FIRST DEGREE,2018-01-01
825457,21-1431,2018-07-11,5,BURGLARY - FIRST DEGREE,Y,TRUE,FIRST DEGREE,2018-07-01
826979,21-1431,2018-11-13,20,BURGLARY - FIRST DEGREE,Y,TRUE,FIRST DEGREE,2018-11-01
830740,21-1431,2019-01-15,5,BURGLARY - FIRST DEGREE,Y,TRUE,FIRST DEGREE,2019-01-01
839419,21-1431,2019-04-30,4.5,BURGLARY - FIRST DEGREE,Y,TRUE,FIRST DEGREE,2019-04-01
840272,21-1431,2019-06-03,2,BURGLARY - FIRST DEGREE,Y,TRUE,FIRST DEGREE,2019-06-01
846953,21-1431,2019-09-19,0.31,BURGLARY - FIRST DEGREE,Y,TRUE,FIRST DEGREE,2019-09-01
848428,21-1431,2019-09-17,8,BURGLARY - FIRST DEGREE,Y,TRUE,FIRST DEGREE,2019-09-01
851898,21-1431,2019-11-07,10,BURGLARY - FIRST DEGREE,Y,TRUE,FIRST DEGREE,2019-11-01
853057,21-1431,2019-12-09,8,BURGLARY - FIRST DEGREE,Y,TRUE,FIRST DEGREE,2019-12-01
564338,21-1431.T,2018-09-20,5,BURGLARY - FIRST DEGREE (85 PCT),Y,TRUE,FIRST DEGREE,2018-09-01
585274,21-1431.T,2019-07-15,15,BURGLARY - FIRST DEGREE (85 PCT),Y,TRUE,FIRST DEGREE,2019-07-01
593160,21-1431.T,2019-03-07,5,BURGLARY - FIRST DEGREE (85 PCT),Y,TRUE,FIRST DEGREE,2019-03-01
604476,21-1431.T,2019-05-31,20,BURGLARY - FIRST DEGREE (85 PCT),Y,TRUE,FIRST DEGREE,2019-05-01
631833,21-1431.T,2020-02-21,3.5,BURGLARY - FIRST DEGREE (85 PCT),Y,TRUE,FIRST DEGREE,2020-02-01
645483,21-1431.T,2018-01-05,10,BURGLARY - FIRST DEGREE (85 PCT),Y,TRUE,FIRST DEGREE,2018-01-01
648463,21-1431.T,2018-11-28,11,BURGLARY - FIRST DEGREE (85 PCT),Y,TRUE,FIRST DEGREE,2018-11-01
656126,21-1431.T,2018-06-13,5,BURGLARY - FIRST DEGREE (85 PCT),Y,TRUE,FIRST DEGREE,2018-06-01
657285,21-1431.T,2020-02-03,3,BURGLARY - FIRST DEGREE (85 PCT),Y,TRUE,FIRST DEGREE,2020-02-01
658699,21-1431.T,2018-02-12,5,BURGLARY - FIRST DEGREE (85 PCT),Y,TRUE,FIRST DEGREE,2018-02-01
681456,21-1431.T,2018-12-11,0.48,BURGLARY - FIRST DEGREE (85 PCT),Y,TRUE,FIRST DEGREE,2018-12-01
696285,21-1431.T,2019-10-02,3,BURGLARY - FIRST DEGREE (85 PCT),Y,TRUE,FIRST DEGREE,2019-10-01
733243,21-1431.T,2018-07-17,1.25,BURGLARY - FIRST DEGREE (85 PCT),Y,TRUE,FIRST DEGREE,2018-07-01
737171,21-1431.T,2018-11-19,5,BURGLARY - FIRST DEGREE (85 PCT),Y,TRUE,FIRST DEGREE,2018-11-01
746367,21-1431.T,2018-06-08,15,BURGLARY - FIRST DEGREE (85 PCT),Y,TRUE,FIRST DEGREE,2018-06-01
761514,21-1431.T,2018-07-05,4,BURGLARY - FIRST DEGREE (85 PCT),Y,TRUE,FIRST DEGREE,2018-07-01
770868,21-1431.T,2018-01-29,3.5,BURGLARY - FIRST DEGREE (85 PCT),Y,TRUE,FIRST DEGREE,2018-01-01
781665,21-1431.T,2018-10-18,3,BURGLARY - FIRST DEGREE (85 PCT),Y,TRUE,FIRST DEGREE,2018-10-01
786533,21-1431.T,2018-01-29,7,BURGLARY - FIRST DEGREE (85 PCT),Y,TRUE,FIRST DEGREE,2018-01-01
786756,21-1431.T,2018-02-02,12,BURGLARY - FIRST DEGREE (85 PCT),Y,TRUE,FIRST DEGREE,2018-02-01
786966,21-1431.T,2018-03-09,5,BURGLARY - FIRST DEGREE (85 PCT),Y,TRUE,FIRST DEGREE,2018-03-01
788426,21-1431.T,2018-05-17,7,BURGLARY - FIRST DEGREE (85 PCT),Y,TRUE,FIRST DEGREE,2018-05-01
790566,21-1431.T,2018-03-16,3,BURGLARY - FIRST DEGREE (85 PCT),Y,TRUE,FIRST DEGREE,2018-03-01
791076,21-1431.T,2018-02-16,3,BURGLARY - FIRST DEGREE (85 PCT),Y,TRUE,FIRST DEGREE,2018-02-01
791280,21-1431.T,2018-01-10,1.22,BURGLARY - FIRST DEGREE (85 PCT),Y,TRUE,FIRST DEGREE,2018-01-01
791522,21-1431.T,2018-08-20,2,BURGLARY - FIRST DEGREE (85 PCT),Y,TRUE,FIRST DEGREE,2018-08-01
792125,21-1431.T,2018-05-31,15,BURGLARY - FIRST DEGREE (85 PCT),Y,TRUE,FIRST DEGREE,2018-05-01
792780,21-1431.T,2018-04-03,2,BURGLARY - FIRST DEGREE (85 PCT),Y,TRUE,FIRST DEGREE,2018-04-01
794302,21-1431.T,2018-04-13,5,BURGLARY - FIRST DEGREE (85 PCT),Y,TRUE,FIRST DEGREE,2018-04-01
794380,21-1431.T,2018-01-09,8,BURGLARY - FIRST DEGREE (85 PCT),Y,TRUE,FIRST DEGREE,2018-01-01
795213,21-1431.T,2018-04-26,5,BURGLARY - FIRST DEGREE (85 PCT),Y,TRUE,FIRST DEGREE,2018-04-01
795346,21-1431.T,2018-06-05,1.56,BURGLARY - FIRST DEGREE (85 PCT),Y,TRUE,FIRST DEGREE,2018-06-01
796235,21-1431.T,2018-05-24,5,BURGLARY - FIRST DEGREE (85 PCT),Y,TRUE,FIRST DEGREE,2018-05-01
796732,21-1431.T,2018-06-28,1.26,BURGLARY - FIRST DEGREE (85 PCT),Y,TRUE,FIRST DEGREE,2018-06-01
797483,21-1431.T,2018-04-19,5,BURGLARY - FIRST DEGREE (85 PCT),Y,TRUE,FIRST DEGREE,2018-04-01
797864,21-1431.T,2018-06-19,13,BURGLARY - FIRST DEGREE (85 PCT),Y,TRUE,FIRST DEGREE,2018-06-01
798704,21-1431.T,2018-07-10,15,BURGLARY - FIRST DEGREE (85 PCT),Y,TRUE,FIRST DEGREE,2018-07-01
799123,21-1431.T,2018-07-11,15,BURGLARY - FIRST DEGREE (85 PCT),Y,TRUE,FIRST DEGREE,2018-07-01
799679,21-1431.T,2018-08-14,4,BURGLARY - FIRST DEGREE (85 PCT),Y,TRUE,FIRST DEGREE,2018-08-01
820990,21-1431.T,2018-04-30,1.5,BURGLARY - FIRST DEGREE (85 PCT),Y,TRUE,FIRST DEGREE,2018-04-01
821470,21-1431.T,2018-11-02,20,BURGLARY - FIRST DEGREE (85 PCT),Y,TRUE,FIRST DEGREE,2018-11-01
822902,21-1431.T,2018-09-14,3,BURGLARY - FIRST DEGREE (85 PCT),Y,TRUE,FIRST DEGREE,2018-09-01
824126,21-1431.T,2018-10-15,1,BURGLARY - FIRST DEGREE (85 PCT),Y,TRUE,FIRST DEGREE,2018-10-01
824611,21-1431.T,2019-07-31,2,BURGLARY - FIRST DEGREE (85 PCT),Y,TRUE,FIRST DEGREE,2019-07-01
824638,21-1431.T,2018-10-18,10,BURGLARY - FIRST DEGREE (85 PCT),Y,TRUE,FIRST DEGREE,2018-10-01
824821,21-1431.T,2019-01-10,2.57,BURGLARY - FIRST DEGREE (85 PCT),Y,TRUE,FIRST DEGREE,2019-01-01
824955,21-1431.T,2018-08-21,1.41,BURGLARY - FIRST DEGREE (85 PCT),Y,TRUE,FIRST DEGREE,2018-08-01
825075,21-1431.T,2018-10-19,5,BURGLARY - FIRST DEGREE (85 PCT),Y,TRUE,FIRST DEGREE,2018-10-01
825826,21-1431.T,2018-11-09,15,BURGLARY - FIRST DEGREE (85 PCT),Y,TRUE,FIRST DEGREE,2018-11-01
827439,21-1431.T,2018-10-15,14.54,BURGLARY - FIRST DEGREE (85 PCT),Y,TRUE,FIRST DEGREE,2018-10-01
828019,21-1431.T,2018-11-20,1.5,BURGLARY - FIRST DEGREE (85 PCT),Y,TRUE,FIRST DEGREE,2018-11-01
828077,21-1431.T,2018-11-28,5,BURGLARY - FIRST DEGREE (85 PCT),Y,TRUE,FIRST DEGREE,2018-11-01
828492,21-1431.T,2018-11-27,7,BURGLARY - FIRST DEGREE (85 PCT),Y,TRUE,FIRST DEGREE,2018-11-01
828894,21-1431.T,2018-09-17,20,BURGLARY - FIRST DEGREE (85 PCT),Y,TRUE,FIRST DEGREE,2018-09-01
829721,21-1431.T,2018-12-14,5,BURGLARY - FIRST DEGREE (85 PCT),Y,TRUE,FIRST DEGREE,2018-12-01
830874,21-1431.T,2018-12-17,3,BURGLARY - FIRST DEGREE (85 PCT),Y,TRUE,FIRST DEGREE,2018-12-01
831157,21-1431.T,2018-12-12,7,BURGLARY - FIRST DEGREE (85 PCT),Y,TRUE,FIRST DEGREE,2018-12-01
831664,21-1431.T,2019-01-30,5,BURGLARY - FIRST DEGREE (85 PCT),Y,TRUE,FIRST DEGREE,2019-01-01
832237,21-1431.T,2019-01-28,1.19,BURGLARY - FIRST DEGREE (85 PCT),Y,TRUE,FIRST DEGREE,2019-01-01
832853,21-1431.T,2019-02-22,10,BURGLARY - FIRST DEGREE (85 PCT),Y,TRUE,FIRST DEGREE,2019-02-01
833074,21-1431.T,2019-01-23,3,BURGLARY - FIRST DEGREE (85 PCT),Y,TRUE,FIRST DEGREE,2019-01-01
833418,21-1431.T,2019-02-22,10,BURGLARY - FIRST DEGREE (85 PCT),Y,TRUE,FIRST DEGREE,2019-02-01
834637,21-1431.T,2019-05-08,10,BURGLARY - FIRST DEGREE (85 PCT),Y,TRUE,FIRST DEGREE,2019-05-01
835829,21-1431.T,2019-04-03,3,BURGLARY - FIRST DEGREE (85 PCT),Y,TRUE,FIRST DEGREE,2019-04-01
839483,21-1431.T,2019-05-08,3,BURGLARY - FIRST DEGREE (85 PCT),Y,TRUE,FIRST DEGREE,2019-05-01
839519,21-1431.T,2019-04-03,7,BURGLARY - FIRST DEGREE (85 PCT),Y,TRUE,FIRST DEGREE,2019-04-01
839961,21-1431.T,2019-09-17,15,BURGLARY - FIRST DEGREE (85 PCT),Y,TRUE,FIRST DEGREE,2019-09-01
840085,21-1431.T,2018-06-25,8,BURGLARY - FIRST DEGREE (85 PCT),Y,TRUE,FIRST DEGREE,2018-06-01
841055,21-1431.T,2019-06-04,5,BURGLARY - FIRST DEGREE (85 PCT),Y,TRUE,FIRST DEGREE,2019-06-01
841450,21-1431.T,2019-04-28,1,BURGLARY - FIRST DEGREE (85 PCT),Y,TRUE,FIRST DEGREE,2019-04-01
842033,21-1431.T,2019-06-21,5,BURGLARY - FIRST DEGREE (85 PCT),Y,TRUE,FIRST DEGREE,2019-06-01
843485,21-1431.T,2019-05-23,7,BURGLARY - FIRST DEGREE (85 PCT),Y,TRUE,FIRST DEGREE,2019-05-01
844223,21-1431.T,2019-11-26,5,BURGLARY - FIRST DEGREE (85 PCT),Y,TRUE,FIRST DEGREE,2019-11-01
844294,21-1431.T,2019-06-04,3,BURGLARY - FIRST DEGREE (85 PCT),Y,TRUE,FIRST DEGREE,2019-06-01
845234,21-1431.T,2019-09-24,10,BURGLARY - FIRST DEGREE (85 PCT),Y,TRUE,FIRST DEGREE,2019-09-01
846071,21-1431.T,2019-11-14,5,BURGLARY - FIRST DEGREE (85 PCT),Y,TRUE,FIRST DEGREE,2019-11-01
846072,21-1431.T,2019-11-14,5,BURGLARY - FIRST DEGREE (85 PCT),Y,TRUE,FIRST DEGREE,2019-11-01
846175,21-1431.T,2019-10-16,10,BURGLARY - FIRST DEGREE (85 PCT),Y,TRUE,FIRST DEGREE,2019-10-01
846239,21-1431.T,2019-06-19,10,BURGLARY - FIRST DEGREE (85 PCT),Y,TRUE,FIRST DEGREE,2019-06-01
847875,21-1431.T,2019-09-16,1.1,BURGLARY - FIRST DEGREE (85 PCT),Y,TRUE,FIRST DEGREE,2019-09-01
848054,21-1431.T,2019-09-16,10,BURGLARY - FIRST DEGREE (85 PCT),Y,TRUE,FIRST DEGREE,2019-09-01
848149,21-1431.T,2019-09-30,3,BURGLARY - FIRST DEGREE (85 PCT),Y,TRUE,FIRST DEGREE,2019-09-01
848193,21-1431.T,2019-09-18,5,BURGLARY - FIRST DEGREE (85 PCT),Y,TRUE,FIRST DEGREE,2019-09-01
848194,21-1431.T,2019-09-18,5,BURGLARY - FIRST DEGREE (85 PCT),Y,TRUE,FIRST DEGREE,2019-09-01
848198,21-1431.T,2019-07-24,3,BURGLARY - FIRST DEGREE (85 PCT),Y,TRUE,FIRST DEGREE,2019-07-01
848625,21-1431.T,2019-10-03,1.5,BURGLARY - FIRST DEGREE (85 PCT),Y,TRUE,FIRST DEGREE,2019-10-01
849417,21-1431.T,2019-09-27,4,BURGLARY - FIRST DEGREE (85 PCT),Y,TRUE,FIRST DEGREE,2019-09-01
849440,21-1431.T,2019-10-07,5,BURGLARY - FIRST DEGREE (85 PCT),Y,TRUE,FIRST DEGREE,2019-10-01
849535,21-1431.T,2019-10-07,3,BURGLARY - FIRST DEGREE (85 PCT),Y,TRUE,FIRST DEGREE,2019-10-01
849955,21-1431.T,2019-10-16,2,BURGLARY - FIRST DEGREE (85 PCT),Y,TRUE,FIRST DEGREE,2019-10-01
851052,21-1431.T,2019-11-12,7,BURGLARY - FIRST DEGREE (85 PCT),Y,TRUE,FIRST DEGREE,2019-11-01
851054,21-1431.T,2019-11-12,17,BURGLARY - FIRST DEGREE (85 PCT),Y,TRUE,FIRST DEGREE,2019-11-01
851551,21-1431.T,2019-11-15,5,BURGLARY - FIRST DEGREE (85 PCT),Y,TRUE,FIRST DEGREE,2019-11-01
852129,21-1431.T,2019-12-02,2,BURGLARY - FIRST DEGREE (85 PCT),Y,TRUE,FIRST DEGREE,2019-12-01
852763,21-1431.T,2019-12-04,8,BURGLARY - FIRST DEGREE (85 PCT),Y,TRUE,FIRST DEGREE,2019-12-01
853305,21-1431.T,2019-12-30,4,BURGLARY - FIRST DEGREE (85 PCT),Y,TRUE,FIRST DEGREE,2019-12-01
257917,21-1435,2020-01-08,2,BURGLARY - SECOND DEGREE,N,TRUE,SECOND DEGREE,2020-01-01
425360,21-1435,2018-05-16,5,BURGLARY - SECOND DEGREE,N,TRUE,SECOND DEGREE,2018-05-01
508101,21-1435,2018-05-01,4,BURGLARY - SECOND DEGREE,N,TRUE,SECOND DEGREE,2018-05-01
555137,21-1435,2020-01-21,12,BURGLARY - SECOND DEGREE,N,TRUE,SECOND DEGREE,2020-01-01
576884,21-1435,2018-11-28,5,BURGLARY - SECOND DEGREE,N,TRUE,SECOND DEGREE,2018-11-01
576979,21-1435,2018-08-14,10,BURGLARY - SECOND DEGREE,N,TRUE,SECOND DEGREE,2018-08-01
577697,21-1435,2018-04-18,4.22,BURGLARY - SECOND DEGREE,N,TRUE,SECOND DEGREE,2018-04-01
580389,21-1435,2018-10-09,1,BURGLARY - SECOND DEGREE,N,TRUE,SECOND DEGREE,2018-10-01
581176,21-1435,2018-08-08,10,BURGLARY - SECOND DEGREE,N,TRUE,SECOND DEGREE,2018-08-01
581690,21-1435,2020-01-15,5,BURGLARY - SECOND DEGREE,N,TRUE,SECOND DEGREE,2020-01-01
587955,21-1435,2019-11-27,5,BURGLARY - SECOND DEGREE,N,TRUE,SECOND DEGREE,2019-11-01
589661,21-1435,2018-05-16,8,BURGLARY - SECOND DEGREE,N,TRUE,SECOND DEGREE,2018-05-01
595811,21-1435,2018-12-13,8,BURGLARY - SECOND DEGREE,N,TRUE,SECOND DEGREE,2018-12-01
595857,21-1435,2019-05-13,10,BURGLARY - SECOND DEGREE,N,TRUE,SECOND DEGREE,2019-05-01
603558,21-1435,2019-04-18,1,BURGLARY - SECOND DEGREE,N,TRUE,SECOND DEGREE,2019-04-01
604918,21-1435,2019-01-28,8,BURGLARY - SECOND DEGREE,N,TRUE,SECOND DEGREE,2019-01-01
607660,21-1435,2019-04-04,10,BURGLARY - SECOND DEGREE,N,TRUE,SECOND DEGREE,2019-04-01
609616,21-1435,2019-10-09,6,BURGLARY - SECOND DEGREE,N,TRUE,SECOND DEGREE,2019-10-01
611491,21-1435,2018-08-14,0.5,BURGLARY - SECOND DEGREE,N,TRUE,SECOND DEGREE,2018-08-01
612879,21-1435,2019-09-20,25,BURGLARY - SECOND DEGREE,N,TRUE,SECOND DEGREE,2019-09-01
613630,21-1435,2019-09-27,5,BURGLARY - SECOND DEGREE,N,TRUE,SECOND DEGREE,2019-09-01
615786,21-1435,2020-02-11,10,BURGLARY - SECOND DEGREE,N,TRUE,SECOND DEGREE,2020-02-01
617778,21-1435,2018-09-17,5.75,BURGLARY - SECOND DEGREE,N,TRUE,SECOND DEGREE,2018-09-01
619918,21-1435,2018-02-15,9,BURGLARY - SECOND DEGREE,N,TRUE,SECOND DEGREE,2018-02-01
620554,21-1435,2018-10-03,5,BURGLARY - SECOND DEGREE,N,TRUE,SECOND DEGREE,2018-10-01
620888,21-1435,2018-11-21,8,BURGLARY - SECOND DEGREE,N,TRUE,SECOND DEGREE,2018-11-01
625597,21-1435,2018-02-08,3,BURGLARY - SECOND DEGREE,N,TRUE,SECOND DEGREE,2018-02-01
625779,21-1435,2018-07-12,5,BURGLARY - SECOND DEGREE,N,TRUE,SECOND DEGREE,2018-07-01
626597,21-1435,2018-02-01,5,BURGLARY - SECOND DEGREE,N,TRUE,SECOND DEGREE,2018-02-01
627187,21-1435,2019-09-23,6,BURGLARY - SECOND DEGREE,N,TRUE,SECOND DEGREE,2019-09-01
631491,21-1435,2019-06-18,4,BURGLARY - SECOND DEGREE,N,TRUE,SECOND DEGREE,2019-06-01
632842,21-1435,2018-10-02,5,BURGLARY - SECOND DEGREE,N,TRUE,SECOND DEGREE,2018-10-01
634822,21-1435,2018-01-30,2,BURGLARY - SECOND DEGREE,N,TRUE,SECOND DEGREE,2018-01-01
635421,21-1435,2019-04-15,10,BURGLARY - SECOND DEGREE,N,TRUE,SECOND DEGREE,2019-04-01
638744,21-1435,2018-06-26,7,BURGLARY - SECOND DEGREE,N,TRUE,SECOND DEGREE,2018-06-01
639857,21-1435,2018-03-21,15,BURGLARY - SECOND DEGREE,N,TRUE,SECOND DEGREE,2018-03-01
642891,21-1435,2018-02-12,5,BURGLARY - SECOND DEGREE,N,TRUE,SECOND DEGREE,2018-02-01
646136,21-1435,2018-05-22,6,BURGLARY - SECOND DEGREE,N,TRUE,SECOND DEGREE,2018-05-01
646572,21-1435,2019-09-24,2,BURGLARY - SECOND DEGREE,N,TRUE,SECOND DEGREE,2019-09-01
646701,21-1435,2018-05-08,7,BURGLARY - SECOND DEGREE,N,TRUE,SECOND DEGREE,2018-05-01
647284,21-1435,2019-09-30,4,BURGLARY - SECOND DEGREE,N,TRUE,SECOND DEGREE,2019-09-01
652028,21-1435,2018-06-12,5,BURGLARY - SECOND DEGREE,N,TRUE,SECOND DEGREE,2018-06-01
656131,21-1435,2018-05-11,3,BURGLARY - SECOND DEGREE,N,TRUE,SECOND DEGREE,2018-05-01
657080,21-1435,2019-02-07,6,BURGLARY - SECOND DEGREE,N,TRUE,SECOND DEGREE,2019-02-01
658574,21-1435,2019-02-26,3,BURGLARY - SECOND DEGREE,N,TRUE,SECOND DEGREE,2019-02-01
658924,21-1435,2018-03-20,7,BURGLARY - SECOND DEGREE,N,TRUE,SECOND DEGREE,2018-03-01
660414,21-1435,2018-07-12,2,BURGLARY - SECOND DEGREE,N,TRUE,SECOND DEGREE,2018-07-01
661699,21-1435,2020-02-18,5,BURGLARY - SECOND DEGREE,N,TRUE,SECOND DEGREE,2020-02-01
661978,21-1435,2018-06-07,7,BURGLARY - SECOND DEGREE,N,TRUE,SECOND DEGREE,2018-06-01
662529,21-1435,2018-03-15,5,BURGLARY - SECOND DEGREE,N,TRUE,SECOND DEGREE,2018-03-01
662719,21-1435,2019-09-06,7,BURGLARY - SECOND DEGREE,N,TRUE,SECOND DEGREE,2019-09-01
664723,21-1435,2018-02-01,15,BURGLARY - SECOND DEGREE,N,TRUE,SECOND DEGREE,2018-02-01
671214,21-1435,2019-05-10,10,BURGLARY - SECOND DEGREE,N,TRUE,SECOND DEGREE,2019-05-01
671899,21-1435,2018-04-09,5,BURGLARY - SECOND DEGREE,N,TRUE,SECOND DEGREE,2018-04-01
672602,21-1435,2018-12-21,5,BURGLARY - SECOND DEGREE,N,TRUE,SECOND DEGREE,2018-12-01
675439,21-1435,2018-05-11,4.75,BURGLARY - SECOND DEGREE,N,TRUE,SECOND DEGREE,2018-05-01
675938,21-1435,2019-06-17,3,BURGLARY - SECOND DEGREE,N,TRUE,SECOND DEGREE,2019-06-01
679692,21-1435,2020-02-03,5,BURGLARY - SECOND DEGREE,N,TRUE,SECOND DEGREE,2020-02-01
680195,21-1435,2019-06-14,10,BURGLARY - SECOND DEGREE,N,TRUE,SECOND DEGREE,2019-06-01
681280,21-1435,2018-03-02,7,BURGLARY - SECOND DEGREE,N,TRUE,SECOND DEGREE,2018-03-01
681329,21-1435,2018-02-14,6,BURGLARY - SECOND DEGREE,N,TRUE,SECOND DEGREE,2018-02-01
691904,21-1435,2018-01-30,0.47,BURGLARY - SECOND DEGREE,N,TRUE,SECOND DEGREE,2018-01-01
693070,21-1435,2018-12-12,7,BURGLARY - SECOND DEGREE,N,TRUE,SECOND DEGREE,2018-12-01
694286,21-1435,2018-08-21,3,BURGLARY - SECOND DEGREE,N,TRUE,SECOND DEGREE,2018-08-01
697420,21-1435,2018-05-08,7,BURGLARY - SECOND DEGREE,N,TRUE,SECOND DEGREE,2018-05-01
702214,21-1435,2018-02-09,7,BURGLARY - SECOND DEGREE,N,TRUE,SECOND DEGREE,2018-02-01
702368,21-1435,2019-04-18,3,BURGLARY - SECOND DEGREE,N,TRUE,SECOND DEGREE,2019-04-01
702732,21-1435,2018-10-12,0.34,BURGLARY - SECOND DEGREE,N,TRUE,SECOND DEGREE,2018-10-01
706271,21-1435,2018-03-21,15,BURGLARY - SECOND DEGREE,N,TRUE,SECOND DEGREE,2018-03-01
706809,21-1435,2018-03-29,4,BURGLARY - SECOND DEGREE,N,TRUE,SECOND DEGREE,2018-03-01
710162,21-1435,2018-02-05,5,BURGLARY - SECOND DEGREE,N,TRUE,SECOND DEGREE,2018-02-01
711836,21-1435,2018-02-05,2,BURGLARY - SECOND DEGREE,N,TRUE,SECOND DEGREE,2018-02-01
712801,21-1435,2019-03-06,5,BURGLARY - SECOND DEGREE,N,TRUE,SECOND DEGREE,2019-03-01
715375,21-1435,2018-08-22,5,BURGLARY - SECOND DEGREE,N,TRUE,SECOND DEGREE,2018-08-01
716873,21-1435,2018-07-05,7,BURGLARY - SECOND DEGREE,N,TRUE,SECOND DEGREE,2018-07-01
717810,21-1435,2018-10-09,0.53,BURGLARY - SECOND DEGREE,N,TRUE,SECOND DEGREE,2018-10-01
718261,21-1435,2018-05-31,2,BURGLARY - SECOND DEGREE,N,TRUE,SECOND DEGREE,2018-05-01
718471,21-1435,2018-03-29,6.54,BURGLARY - SECOND DEGREE,N,TRUE,SECOND DEGREE,2018-03-01
721106,21-1435,2019-06-11,7,BURGLARY - SECOND DEGREE,N,TRUE,SECOND DEGREE,2019-06-01
723711,21-1435,2019-04-12,15,BURGLARY - SECOND DEGREE,N,TRUE,SECOND DEGREE,2019-04-01
724132,21-1435,2018-07-11,7,BURGLARY - SECOND DEGREE,N,TRUE,SECOND DEGREE,2018-07-01
724225,21-1435,2018-07-09,5,BURGLARY - SECOND DEGREE,N,TRUE,SECOND DEGREE,2018-07-01
726616,21-1435,2018-09-17,3,BURGLARY - SECOND DEGREE,N,TRUE,SECOND DEGREE,2018-09-01
732707,21-1435,2018-09-19,6,BURGLARY - SECOND DEGREE,N,TRUE,SECOND DEGREE,2018-09-01
736722,21-1435,2018-10-31,5,BURGLARY - SECOND DEGREE,N,TRUE,SECOND DEGREE,2018-10-01
737728,21-1435,2018-09-18,0.43,BURGLARY - SECOND DEGREE,N,TRUE,SECOND DEGREE,2018-09-01
738069,21-1435,2018-03-13,5,BURGLARY - SECOND DEGREE,N,TRUE,SECOND DEGREE,2018-03-01
738837,21-1435,2018-04-24,2.97,BURGLARY - SECOND DEGREE,N,TRUE,SECOND DEGREE,2018-04-01
739052,21-1435,2019-10-08,2,BURGLARY - SECOND DEGREE,N,TRUE,SECOND DEGREE,2019-10-01
739418,21-1435,2018-05-29,0.56,BURGLARY - SECOND DEGREE,N,TRUE,SECOND DEGREE,2018-05-01
739901,21-1435,2019-05-31,3,BURGLARY - SECOND DEGREE,N,TRUE,SECOND DEGREE,2019-05-01
741036,21-1435,2018-05-09,3,BURGLARY - SECOND DEGREE,N,TRUE,SECOND DEGREE,2018-05-01
741285,21-1435,2018-09-05,5,BURGLARY - SECOND DEGREE,N,TRUE,SECOND DEGREE,2018-09-01
746006,21-1435,2018-05-07,7,BURGLARY - SECOND DEGREE,N,TRUE,SECOND DEGREE,2018-05-01
749140,21-1435,2020-01-24,4,BURGLARY - SECOND DEGREE,N,TRUE,SECOND DEGREE,2020-01-01
750034,21-1435,2019-03-20,3,BURGLARY - SECOND DEGREE,N,TRUE,SECOND DEGREE,2019-03-01
750249,21-1435,2018-02-01,5,BURGLARY - SECOND DEGREE,N,TRUE,SECOND DEGREE,2018-02-01
750895,21-1435,2018-12-11,2.5,BURGLARY - SECOND DEGREE,N,TRUE,SECOND DEGREE,2018-12-01
750982,21-1435,2018-06-01,9,BURGLARY - SECOND DEGREE,N,TRUE,SECOND DEGREE,2018-06-01
751114,21-1435,2018-07-11,3,BURGLARY - SECOND DEGREE,N,TRUE,SECOND DEGREE,2018-07-01
758540,21-1435,2018-12-20,2,BURGLARY - SECOND DEGREE,N,TRUE,SECOND DEGREE,2018-12-01
759643,21-1435,2018-03-20,3.05,BURGLARY - SECOND DEGREE,N,TRUE,SECOND DEGREE,2018-03-01
760084,21-1435,2018-02-09,0.87,BURGLARY - SECOND DEGREE,N,TRUE,SECOND DEGREE,2018-02-01
762247,21-1435,2018-04-05,4,BURGLARY - SECOND DEGREE,N,TRUE,SECOND DEGREE,2018-04-01
762996,21-1435,2018-06-28,2,BURGLARY - SECOND DEGREE,N,TRUE,SECOND DEGREE,2018-06-01
764042,21-1435,2018-10-01,3,BURGLARY - SECOND DEGREE,N,TRUE,SECOND DEGREE,2018-10-01
764053,21-1435,2018-02-28,0.44,BURGLARY - SECOND DEGREE,N,TRUE,SECOND DEGREE,2018-02-01
764293,21-1435,2018-12-10,6,BURGLARY - SECOND DEGREE,N,TRUE,SECOND DEGREE,2018-12-01
764642,21-1435,2019-12-03,3,BURGLARY - SECOND DEGREE,N,TRUE,SECOND DEGREE,2019-12-01
765645,21-1435,2019-03-26,6,BURGLARY - SECOND DEGREE,N,TRUE,SECOND DEGREE,2019-03-01
766686,21-1435,2018-05-03,7,BURGLARY - SECOND DEGREE,N,TRUE,SECOND DEGREE,2018-05-01
769182,21-1435,2018-03-20,0.5,BURGLARY - SECOND DEGREE,N,TRUE,SECOND DEGREE,2018-03-01
770379,21-1435,2018-06-15,4,BURGLARY - SECOND DEGREE,N,TRUE,SECOND DEGREE,2018-06-01
770778,21-1435,2018-02-05,4,BURGLARY - SECOND DEGREE,N,TRUE,SECOND DEGREE,2018-02-01
771901,21-1435,2018-05-16,0.46,BURGLARY - SECOND DEGREE,N,TRUE,SECOND DEGREE,2018-05-01
776011,21-1435,2018-04-06,5,BURGLARY - SECOND DEGREE,N,TRUE,SECOND DEGREE,2018-04-01
778237,21-1435,2018-06-27,2,BURGLARY - SECOND DEGREE,N,TRUE,SECOND DEGREE,2018-06-01
778779,21-1435,2019-04-23,2.59,BURGLARY - SECOND DEGREE,N,TRUE,SECOND DEGREE,2019-04-01
779056,21-1435,2018-08-03,2,BURGLARY - SECOND DEGREE,N,TRUE,SECOND DEGREE,2018-08-01
779935,21-1435,2018-08-22,7,BURGLARY - SECOND DEGREE,N,TRUE,SECOND DEGREE,2018-08-01
780950,21-1435,2018-03-28,0.68,BURGLARY - SECOND DEGREE,N,TRUE,SECOND DEGREE,2018-03-01
781788,21-1435,2018-05-24,6,BURGLARY - SECOND DEGREE,N,TRUE,SECOND DEGREE,2018-05-01
783385,21-1435,2018-01-04,0.28,BURGLARY - SECOND DEGREE,N,TRUE,SECOND DEGREE,2018-01-01
783826,21-1435,2018-01-03,6,BURGLARY - SECOND DEGREE,N,TRUE,SECOND DEGREE,2018-01-01
784292,21-1435,2018-01-12,0.49,BURGLARY - SECOND DEGREE,N,TRUE,SECOND DEGREE,2018-01-01
784683,21-1435,2018-04-06,4,BURGLARY - SECOND DEGREE,N,TRUE,SECOND DEGREE,2018-04-01
786133,21-1435,2018-01-16,5,BURGLARY - SECOND DEGREE,N,TRUE,SECOND DEGREE,2018-01-01
786326,21-1435,2018-02-02,0.61,BURGLARY - SECOND DEGREE,N,TRUE,SECOND DEGREE,2018-02-01
786597,21-1435,2018-02-07,0.54,BURGLARY - SECOND DEGREE,N,TRUE,SECOND DEGREE,2018-02-01
786604,21-1435,2018-02-07,0.69,BURGLARY - SECOND DEGREE,N,TRUE,SECOND DEGREE,2018-02-01
786748,21-1435,2018-03-06,7,BURGLARY - SECOND DEGREE,N,TRUE,SECOND DEGREE,2018-03-01
787056,21-1435,2018-01-31,0.85,BURGLARY - SECOND DEGREE,N,TRUE,SECOND DEGREE,2018-01-01
787205,21-1435,2018-01-17,10,BURGLARY - SECOND DEGREE,N,TRUE,SECOND DEGREE,2018-01-01
787277,21-1435,2018-02-14,0.56,BURGLARY - SECOND DEGREE,N,TRUE,SECOND DEGREE,2018-02-01
787278,21-1435,2018-02-14,0.56,BURGLARY - SECOND DEGREE,N,TRUE,SECOND DEGREE,2018-02-01
787287,21-1435,2018-01-16,0.56,BURGLARY - SECOND DEGREE,N,TRUE,SECOND DEGREE,2018-01-01
787612,21-1435,2018-10-26,5,BURGLARY - SECOND DEGREE,N,TRUE,SECOND DEGREE,2018-10-01
787643,21-1435,2018-02-08,5,BURGLARY - SECOND DEGREE,N,TRUE,SECOND DEGREE,2018-02-01
788025,21-1435,2018-02-21,3,BURGLARY - SECOND DEGREE,N,TRUE,SECOND DEGREE,2018-02-01
788759,21-1435,2018-05-08,5,BURGLARY - SECOND DEGREE,N,TRUE,SECOND DEGREE,2018-05-01
788971,21-1435,2018-03-08,0.62,BURGLARY - SECOND DEGREE,N,TRUE,SECOND DEGREE,2018-03-01
789281,21-1435,2018-02-12,5,BURGLARY - SECOND DEGREE,N,TRUE,SECOND DEGREE,2018-02-01
789484,21-1435,2018-02-26,2,BURGLARY - SECOND DEGREE,N,TRUE,SECOND DEGREE,2018-02-01
789564,21-1435,2018-03-16,0.59,BURGLARY - SECOND DEGREE,N,TRUE,SECOND DEGREE,2018-03-01
789595,21-1435,2018-03-05,3,BURGLARY - SECOND DEGREE,N,TRUE,SECOND DEGREE,2018-03-01
789727,21-1435,2018-02-02,3,BURGLARY - SECOND DEGREE,N,TRUE,SECOND DEGREE,2018-02-01
789740,21-1435,2018-03-20,0.58,BURGLARY - SECOND DEGREE,N,TRUE,SECOND DEGREE,2018-03-01
790041,21-1435,2018-03-23,0.49,BURGLARY - SECOND DEGREE,N,TRUE,SECOND DEGREE,2018-03-01
790137,21-1435,2018-03-20,7,BURGLARY - SECOND DEGREE,N,TRUE,SECOND DEGREE,2018-03-01
790379,21-1435,2018-03-26,8,BURGLARY - SECOND DEGREE,N,TRUE,SECOND DEGREE,2018-03-01
790501,21-1435,2018-03-30,0.71,BURGLARY - SECOND DEGREE,N,TRUE,SECOND DEGREE,2018-03-01
790784,21-1435,2018-03-14,1,BURGLARY - SECOND DEGREE,N,TRUE,SECOND DEGREE,2018-03-01
791080,21-1435,2018-02-27,25,BURGLARY - SECOND DEGREE,N,TRUE,SECOND DEGREE,2018-02-01
791344,21-1435,2018-12-07,0.54,BURGLARY - SECOND DEGREE,N,TRUE,SECOND DEGREE,2018-12-01
791498,21-1435,2018-04-06,6,BURGLARY - SECOND DEGREE,N,TRUE,SECOND DEGREE,2018-04-01
791613,21-1435,2018-02-09,5,BURGLARY - SECOND DEGREE,N,TRUE,SECOND DEGREE,2018-02-01
791674,21-1435,2018-12-19,5,BURGLARY - SECOND DEGREE,N,TRUE,SECOND DEGREE,2018-12-01
791680,21-1435,2018-10-18,5,BURGLARY - SECOND DEGREE,N,TRUE,SECOND DEGREE,2018-10-01
791753,21-1435,2019-01-03,0.46,BURGLARY - SECOND DEGREE,N,TRUE,SECOND DEGREE,2019-01-01
791904,21-1435,2018-04-06,2,BURGLARY - SECOND DEGREE,N,TRUE,SECOND DEGREE,2018-04-01
792054,21-1435,2018-04-11,7,BURGLARY - SECOND DEGREE,N,TRUE,SECOND DEGREE,2018-04-01
792063,21-1435,2018-04-25,0.59,BURGLARY - SECOND DEGREE,N,TRUE,SECOND DEGREE,2018-04-01
792195,21-1435,2018-04-26,0.71,BURGLARY - SECOND DEGREE,N,TRUE,SECOND DEGREE,2018-04-01
792241,21-1435,2018-02-02,1.5,BURGLARY - SECOND DEGREE,N,TRUE,SECOND DEGREE,2018-02-01
792361,21-1435,2018-08-22,7,BURGLARY - SECOND DEGREE,N,TRUE,SECOND DEGREE,2018-08-01
792532,21-1435,2018-05-01,0.51,BURGLARY - SECOND DEGREE,N,TRUE,SECOND DEGREE,2018-05-01
793139,21-1435,2018-05-09,0.44,BURGLARY - SECOND DEGREE,N,TRUE,SECOND DEGREE,2018-05-01
793281,21-1435,2018-04-02,6,BURGLARY - SECOND DEGREE,N,TRUE,SECOND DEGREE,2018-04-01
793409,21-1435,2018-05-15,0.31,BURGLARY - SECOND DEGREE,N,TRUE,SECOND DEGREE,2018-05-01
793423,21-1435,2018-04-16,7,BURGLARY - SECOND DEGREE,N,TRUE,SECOND DEGREE,2018-04-01
793680,21-1435,2018-04-04,3.89,BURGLARY - SECOND DEGREE,N,TRUE,SECOND DEGREE,2018-04-01
794032,21-1435,2018-05-23,0.23,BURGLARY - SECOND DEGREE,N,TRUE,SECOND DEGREE,2018-05-01
794134,21-1435,2018-05-15,7,BURGLARY - SECOND DEGREE,N,TRUE,SECOND DEGREE,2018-05-01
794154,21-1435,2018-01-31,4,BURGLARY - SECOND DEGREE,N,TRUE,SECOND DEGREE,2018-01-01
794475,21-1435,2018-04-18,2,BURGLARY - SECOND DEGREE,N,TRUE,SECOND DEGREE,2018-04-01
794530,21-1435,2018-05-22,4.43,BURGLARY - SECOND DEGREE,N,TRUE,SECOND DEGREE,2018-05-01
794533,21-1435,2018-05-22,4.09,BURGLARY - SECOND DEGREE,N,TRUE,SECOND DEGREE,2018-05-01
794534,21-1435,2018-02-22,20,BURGLARY - SECOND DEGREE,N,TRUE,SECOND DEGREE,2018-02-01
794843,21-1435,2018-05-08,10,BURGLARY - SECOND DEGREE,N,TRUE,SECOND DEGREE,2018-05-01
794898,21-1435,2018-05-11,6,BURGLARY - SECOND DEGREE,N,TRUE,SECOND DEGREE,2018-05-01
795378,21-1435,2018-04-02,2,BURGLARY - SECOND DEGREE,N,TRUE,SECOND DEGREE,2018-04-01
795400,21-1435,2018-04-04,7,BURGLARY - SECOND DEGREE,N,TRUE,SECOND DEGREE,2018-04-01
795915,21-1435,2018-03-20,5,BURGLARY - SECOND DEGREE,N,TRUE,SECOND DEGREE,2018-03-01
795925,21-1435,2018-06-20,0.68,BURGLARY - SECOND DEGREE,N,TRUE,SECOND DEGREE,2018-06-01
796101,21-1435,2018-06-01,7,BURGLARY - SECOND DEGREE,N,TRUE,SECOND DEGREE,2018-06-01
796162,21-1435,2019-09-10,4.48,BURGLARY - SECOND DEGREE,N,TRUE,SECOND DEGREE,2019-09-01
796534,21-1435,2018-06-29,0.54,BURGLARY - SECOND DEGREE,N,TRUE,SECOND DEGREE,2018-06-01
796677,21-1435,2018-06-25,7,BURGLARY - SECOND DEGREE,N,TRUE,SECOND DEGREE,2018-06-01
796958,21-1435,2018-06-15,3,BURGLARY - SECOND DEGREE,N,TRUE,SECOND DEGREE,2018-06-01
797134,21-1435,2018-07-11,0.19,BURGLARY - SECOND DEGREE,N,TRUE,SECOND DEGREE,2018-07-01
797402,21-1435,2018-07-17,0.28,BURGLARY - SECOND DEGREE,N,TRUE,SECOND DEGREE,2018-07-01
797499,21-1435,2018-12-19,5,BURGLARY - SECOND DEGREE,N,TRUE,SECOND DEGREE,2018-12-01
797620,21-1435,2018-06-26,5,BURGLARY - SECOND DEGREE,N,TRUE,SECOND DEGREE,2018-06-01
797727,21-1435,2018-07-19,0.61,BURGLARY - SECOND DEGREE,N,TRUE,SECOND DEGREE,2018-07-01
797860,21-1435,2018-07-20,0.48,BURGLARY - SECOND DEGREE,N,TRUE,SECOND DEGREE,2018-07-01
798139,21-1435,2018-07-25,0.58,BURGLARY - SECOND DEGREE,N,TRUE,SECOND DEGREE,2018-07-01
798259,21-1435,2018-01-26,5,BURGLARY - SECOND DEGREE,N,TRUE,SECOND DEGREE,2018-01-01
798287,21-1435,2018-05-30,1,BURGLARY - SECOND DEGREE,N,TRUE,SECOND DEGREE,2018-05-01
798541,21-1435,2018-07-25,2,BURGLARY - SECOND DEGREE,N,TRUE,SECOND DEGREE,2018-07-01
798885,21-1435,2018-01-31,7,BURGLARY - SECOND DEGREE,N,TRUE,SECOND DEGREE,2018-01-01
799146,21-1435,2018-07-10,2,BURGLARY - SECOND DEGREE,N,TRUE,SECOND DEGREE,2018-07-01
799477,21-1435,2018-08-14,0.68,BURGLARY - SECOND DEGREE,N,TRUE,SECOND DEGREE,2018-08-01
799506,21-1435,2018-08-13,4.2,BURGLARY - SECOND DEGREE,N,TRUE,SECOND DEGREE,2018-08-01
799634,21-1435,2018-08-16,0.56,BURGLARY - SECOND DEGREE,N,TRUE,SECOND DEGREE,2018-08-01
799717,21-1435,2018-07-25,2.96,BURGLARY - SECOND DEGREE,N,TRUE,SECOND DEGREE,2018-07-01
799718,21-1435,2018-05-24,10,BURGLARY - SECOND DEGREE,N,TRUE,SECOND DEGREE,2018-05-01
799957,21-1435,2018-07-27,2,BURGLARY - SECOND DEGREE,N,TRUE,SECOND DEGREE,2018-07-01
800007,21-1435,2018-08-22,0.08,BURGLARY - SECOND DEGREE,N,TRUE,SECOND DEGREE,2018-08-01
800908,21-1435,2018-08-01,2,BURGLARY - SECOND DEGREE,N,TRUE,SECOND DEGREE,2018-08-01
801035,21-1435,2018-08-28,0.51,BURGLARY - SECOND DEGREE,N,TRUE,SECOND DEGREE,2018-08-01
801202,21-1435,2018-08-29,0.45,BURGLARY - SECOND DEGREE,N,TRUE,SECOND DEGREE,2018-08-01
801210,21-1435,2018-08-29,0.71,BURGLARY - SECOND DEGREE,N,TRUE,SECOND DEGREE,2018-08-01
820277,21-1435,2019-04-24,5,BURGLARY - SECOND DEGREE,N,TRUE,SECOND DEGREE,2019-04-01
820278,21-1435,2018-09-05,0.58,BURGLARY - SECOND DEGREE,N,TRUE,SECOND DEGREE,2018-09-01
820292,21-1435,2018-10-05,4,BURGLARY - SECOND DEGREE,N,TRUE,SECOND DEGREE,2018-10-01
820328,21-1435,2018-08-23,7,BURGLARY - SECOND DEGREE,N,TRUE,SECOND DEGREE,2018-08-01
820391,21-1435,2018-08-03,5,BURGLARY - SECOND DEGREE,N,TRUE,SECOND DEGREE,2018-08-01
820547,21-1435,2019-10-09,5,BURGLARY - SECOND DEGREE,N,TRUE,SECOND DEGREE,2019-10-01
821082,21-1435,2018-02-15,3.98,BURGLARY - SECOND DEGREE,N,TRUE,SECOND DEGREE,2018-02-01
821095,21-1435,2018-08-21,8,BURGLARY - SECOND DEGREE,N,TRUE,SECOND DEGREE,2018-08-01
821223,21-1435,2018-09-19,0.5,BURGLARY - SECOND DEGREE,N,TRUE,SECOND DEGREE,2018-09-01
821366,21-1435,2018-06-25,5,BURGLARY - SECOND DEGREE,N,TRUE,SECOND DEGREE,2018-06-01
821476,21-1435,2018-08-31,3,BURGLARY - SECOND DEGREE,N,TRUE,SECOND DEGREE,2018-08-01
821479,21-1435,2018-09-21,0.58,BURGLARY - SECOND DEGREE,N,TRUE,SECOND DEGREE,2018-09-01
821489,21-1435,2018-09-05,4,BURGLARY - SECOND DEGREE,N,TRUE,SECOND DEGREE,2018-09-01
821510,21-1435,2018-09-06,4.58,BURGLARY - SECOND DEGREE,N,TRUE,SECOND DEGREE,2018-09-01
821523,21-1435,2019-03-20,3,BURGLARY - SECOND DEGREE,N,TRUE,SECOND DEGREE,2019-03-01
821912,21-1435,2019-03-20,0.42,BURGLARY - SECOND DEGREE,N,TRUE,SECOND DEGREE,2019-03-01
821924,21-1435,2018-09-28,0.73,BURGLARY - SECOND DEGREE,N,TRUE,SECOND DEGREE,2018-09-01
821932,21-1435,2018-07-26,6,BURGLARY - SECOND DEGREE,N,TRUE,SECOND DEGREE,2018-07-01
822276,21-1435,2018-08-08,4.41,BURGLARY - SECOND DEGREE,N,TRUE,SECOND DEGREE,2018-08-01
822379,21-1435,2018-10-03,4,BURGLARY - SECOND DEGREE,N,TRUE,SECOND DEGREE,2018-10-01
822423,21-1435,2018-09-20,5,BURGLARY - SECOND DEGREE,N,TRUE,SECOND DEGREE,2018-09-01
822571,21-1435,2018-09-28,3,BURGLARY - SECOND DEGREE,N,TRUE,SECOND DEGREE,2018-09-01
822573,21-1435,2018-09-27,1,BURGLARY - SECOND DEGREE,N,TRUE,SECOND DEGREE,2018-09-01
822858,21-1435,2018-09-11,4,BURGLARY - SECOND DEGREE,N,TRUE,SECOND DEGREE,2018-09-01
823081,21-1435,2019-04-03,0.12,BURGLARY - SECOND DEGREE,N,TRUE,SECOND DEGREE,2019-04-01
823152,21-1435,2018-10-16,0.23,BURGLARY - SECOND DEGREE,N,TRUE,SECOND DEGREE,2018-10-01
823163,21-1435,2018-10-16,0.73,BURGLARY - SECOND DEGREE,N,TRUE,SECOND DEGREE,2018-10-01
823190,21-1435,2018-08-02,7,BURGLARY - SECOND DEGREE,N,TRUE,SECOND DEGREE,2018-08-01
823310,21-1435,2018-10-05,7,BURGLARY - SECOND DEGREE,N,TRUE,SECOND DEGREE,2018-10-01
823546,21-1435,2018-09-07,2,BURGLARY - SECOND DEGREE,N,TRUE,SECOND DEGREE,2018-09-01
823775,21-1435,2018-09-26,5.08,BURGLARY - SECOND DEGREE,N,TRUE,SECOND DEGREE,2018-09-01
824022,21-1435,2018-10-25,0.75,BURGLARY - SECOND DEGREE,N,TRUE,SECOND DEGREE,2018-10-01
824024,21-1435,2018-09-05,3,BURGLARY - SECOND DEGREE,N,TRUE,SECOND DEGREE,2018-09-01
824092,21-1435,2018-07-03,5,BURGLARY - SECOND DEGREE,N,TRUE,SECOND DEGREE,2018-07-01
824312,21-1435,2018-10-11,7,BURGLARY - SECOND DEGREE,N,TRUE,SECOND DEGREE,2018-10-01
824338,21-1435,2018-10-30,0.62,BURGLARY - SECOND DEGREE,N,TRUE,SECOND DEGREE,2018-10-01
824390,21-1435,2018-10-31,0.79,BURGLARY - SECOND DEGREE,N,TRUE,SECOND DEGREE,2018-10-01
824489,21-1435,2018-10-15,5,BURGLARY - SECOND DEGREE,N,TRUE,SECOND DEGREE,2018-10-01
824626,21-1435,2018-11-02,0.24,BURGLARY - SECOND DEGREE,N,TRUE,SECOND DEGREE,2018-11-01
824967,21-1435,2018-11-07,0.7,BURGLARY - SECOND DEGREE,N,TRUE,SECOND DEGREE,2018-11-01
825043,21-1435,2018-09-12,2.5,BURGLARY - SECOND DEGREE,N,TRUE,SECOND DEGREE,2018-09-01
825170,21-1435,2018-07-26,5,BURGLARY - SECOND DEGREE,N,TRUE,SECOND DEGREE,2018-07-01
825181,21-1435,2018-07-26,4,BURGLARY - SECOND DEGREE,N,TRUE,SECOND DEGREE,2018-07-01
825307,21-1435,2018-07-11,7,BURGLARY - SECOND DEGREE,N,TRUE,SECOND DEGREE,2018-07-01
825368,21-1435,2018-11-14,0.24,BURGLARY - SECOND DEGREE,N,TRUE,SECOND DEGREE,2018-11-01
825425,21-1435,2018-11-14,0.41,BURGLARY - SECOND DEGREE,N,TRUE,SECOND DEGREE,2018-11-01
825609,21-1435,2019-04-09,7,BURGLARY - SECOND DEGREE,N,TRUE,SECOND DEGREE,2019-04-01
825712,21-1435,2018-11-16,0.94,BURGLARY - SECOND DEGREE,N,TRUE,SECOND DEGREE,2018-11-01
825729,21-1435,2018-07-11,3,BURGLARY - SECOND DEGREE,N,TRUE,SECOND DEGREE,2018-07-01
825757,21-1435,2018-07-11,2,BURGLARY - SECOND DEGREE,N,TRUE,SECOND DEGREE,2018-07-01
825900,21-1435,2018-11-14,2,BURGLARY - SECOND DEGREE,N,TRUE,SECOND DEGREE,2018-11-01
826025,21-1435,2018-11-21,0.48,BURGLARY - SECOND DEGREE,N,TRUE,SECOND DEGREE,2018-11-01
826033,21-1435,2018-10-30,5,BURGLARY - SECOND DEGREE,N,TRUE,SECOND DEGREE,2018-10-01
826471,21-1435,2018-11-15,7,BURGLARY - SECOND DEGREE,N,TRUE,SECOND DEGREE,2018-11-01
826621,21-1435,2018-11-30,0.56,BURGLARY - SECOND DEGREE,N,TRUE,SECOND DEGREE,2018-11-01
826624,21-1435,2018-11-30,0.34,BURGLARY - SECOND DEGREE,N,TRUE,SECOND DEGREE,2018-11-01
826900,21-1435,2018-11-29,7,BURGLARY - SECOND DEGREE,N,TRUE,SECOND DEGREE,2018-11-01
827226,21-1435,2018-08-29,3,BURGLARY - SECOND DEGREE,N,TRUE,SECOND DEGREE,2018-08-01
827364,21-1435,2018-11-29,5,BURGLARY - SECOND DEGREE,N,TRUE,SECOND DEGREE,2018-11-01
827487,21-1435,2018-12-12,0.65,BURGLARY - SECOND DEGREE,N,TRUE,SECOND DEGREE,2018-12-01
827502,21-1435,2018-12-12,0.54,BURGLARY - SECOND DEGREE,N,TRUE,SECOND DEGREE,2018-12-01
827504,21-1435,2018-12-12,0.35,BURGLARY - SECOND DEGREE,N,TRUE,SECOND DEGREE,2018-12-01
827572,21-1435,2018-08-21,5,BURGLARY - SECOND DEGREE,N,TRUE,SECOND DEGREE,2018-08-01
827791,21-1435,2018-08-08,4,BURGLARY - SECOND DEGREE,N,TRUE,SECOND DEGREE,2018-08-01
828027,21-1435,2018-12-19,0.62,BURGLARY - SECOND DEGREE,N,TRUE,SECOND DEGREE,2018-12-01
828230,21-1435,2018-08-16,8,BURGLARY - SECOND DEGREE,N,TRUE,SECOND DEGREE,2018-08-01
828275,21-1435,2018-12-03,1,BURGLARY - SECOND DEGREE,N,TRUE,SECOND DEGREE,2018-12-01
828419,21-1435,2019-08-21,2,BURGLARY - SECOND DEGREE,N,TRUE,SECOND DEGREE,2019-08-01
828651,21-1435,2018-12-07,3,BURGLARY - SECOND DEGREE,N,TRUE,SECOND DEGREE,2018-12-01
828662,21-1435,2018-09-07,4,BURGLARY - SECOND DEGREE,N,TRUE,SECOND DEGREE,2018-09-01
828774,21-1435,2018-11-29,4,BURGLARY - SECOND DEGREE,N,TRUE,SECOND DEGREE,2018-11-01
829064,21-1435,2018-12-06,5,BURGLARY - SECOND DEGREE,N,TRUE,SECOND DEGREE,2018-12-01
829565,21-1435,2019-01-15,0.75,BURGLARY - SECOND DEGREE,N,TRUE,SECOND DEGREE,2019-01-01
829682,21-1435,2019-04-24,1,BURGLARY - SECOND DEGREE,N,TRUE,SECOND DEGREE,2019-04-01
829722,21-1435,2018-12-12,10,BURGLARY - SECOND DEGREE,N,TRUE,SECOND DEGREE,2018-12-01
829798,21-1435,2019-10-23,3,BURGLARY - SECOND DEGREE,N,TRUE,SECOND DEGREE,2019-10-01
830044,21-1435,2018-12-27,1,BURGLARY - SECOND DEGREE,N,TRUE,SECOND DEGREE,2018-12-01
830073,21-1435,2018-11-28,3,BURGLARY - SECOND DEGREE,N,TRUE,SECOND DEGREE,2018-11-01
830095,21-1435,2019-07-15,10,BURGLARY - SECOND DEGREE,N,TRUE,SECOND DEGREE,2019-07-01
830148,21-1435,2019-01-10,5,BURGLARY - SECOND DEGREE,N,TRUE,SECOND DEGREE,2019-01-01
830338,21-1435,2018-11-30,5,BURGLARY - SECOND DEGREE,N,TRUE,SECOND DEGREE,2018-11-01
830379,21-1435,2018-06-20,3.91,BURGLARY - SECOND DEGREE,N,TRUE,SECOND DEGREE,2018-06-01
830500,21-1435,2019-01-08,10,BURGLARY - SECOND DEGREE,N,TRUE,SECOND DEGREE,2019-01-01
830742,21-1435,2019-01-29,0.16,BURGLARY - SECOND DEGREE,N,TRUE,SECOND DEGREE,2019-01-01
830750,21-1435,2018-10-01,20,BURGLARY - SECOND DEGREE,N,TRUE,SECOND DEGREE,2018-10-01
830752,21-1435,2019-01-15,3,BURGLARY - SECOND DEGREE,N,TRUE,SECOND DEGREE,2019-01-01
830884,21-1435,2019-01-17,4.53,BURGLARY - SECOND DEGREE,N,TRUE,SECOND DEGREE,2019-01-01
830885,21-1435,2019-01-30,0.52,BURGLARY - SECOND DEGREE,N,TRUE,SECOND DEGREE,2019-01-01
831037,21-1435,2019-01-14,7,BURGLARY - SECOND DEGREE,N,TRUE,SECOND DEGREE,2019-01-01
831056,21-1435,2018-02-23,2,BURGLARY - SECOND DEGREE,N,TRUE,SECOND DEGREE,2018-02-01
831267,21-1435,2019-01-25,3,BURGLARY - SECOND DEGREE,N,TRUE,SECOND DEGREE,2019-01-01
831548,21-1435,2019-01-30,6,BURGLARY - SECOND DEGREE,N,TRUE,SECOND DEGREE,2019-01-01
832217,21-1435,2019-01-30,1.5,BURGLARY - SECOND DEGREE,N,TRUE,SECOND DEGREE,2019-01-01
832312,21-1435,2019-09-05,1.5,BURGLARY - SECOND DEGREE,N,TRUE,SECOND DEGREE,2019-09-01
832443,21-1435,2018-12-06,10,BURGLARY - SECOND DEGREE,N,TRUE,SECOND DEGREE,2018-12-01
832716,21-1435,2019-01-07,2,BURGLARY - SECOND DEGREE,N,TRUE,SECOND DEGREE,2019-01-01
832909,21-1435,2019-02-07,3,BURGLARY - SECOND DEGREE,N,TRUE,SECOND DEGREE,2019-02-01
833076,21-1435,2019-02-11,8,BURGLARY - SECOND DEGREE,N,TRUE,SECOND DEGREE,2019-02-01
833160,21-1435,2019-03-05,0.52,BURGLARY - SECOND DEGREE,N,TRUE,SECOND DEGREE,2019-03-01
833179,21-1435,2019-03-05,0.58,BURGLARY - SECOND DEGREE,N,TRUE,SECOND DEGREE,2019-03-01
833369,21-1435,2019-02-06,2.5,BURGLARY - SECOND DEGREE,N,TRUE,SECOND DEGREE,2019-02-01
833391,21-1435,2019-02-07,3.06,BURGLARY - SECOND DEGREE,N,TRUE,SECOND DEGREE,2019-02-01
833414,21-1435,2019-03-07,0.37,BURGLARY - SECOND DEGREE,N,TRUE,SECOND DEGREE,2019-03-01
833485,21-1435,2019-03-08,0.65,BURGLARY - SECOND DEGREE,N,TRUE,SECOND DEGREE,2019-03-01
833520,21-1435,2018-12-05,2,BURGLARY - SECOND DEGREE,N,TRUE,SECOND DEGREE,2018-12-01
833685,21-1435,2019-02-25,7,BURGLARY - SECOND DEGREE,N,TRUE,SECOND DEGREE,2019-02-01
833769,21-1435,2019-02-19,2,BURGLARY - SECOND DEGREE,N,TRUE,SECOND DEGREE,2019-02-01
833797,21-1435,2019-03-13,0.56,BURGLARY - SECOND DEGREE,N,TRUE,SECOND DEGREE,2019-03-01
833902,21-1435,2018-04-19,5,BURGLARY - SECOND DEGREE,N,TRUE,SECOND DEGREE,2018-04-01
834028,21-1435,2019-03-15,0.7,BURGLARY - SECOND DEGREE,N,TRUE,SECOND DEGREE,2019-03-01
834031,21-1435,2019-03-15,0.92,BURGLARY - SECOND DEGREE,N,TRUE,SECOND DEGREE,2019-03-01
834041,21-1435,2019-03-15,0.39,BURGLARY - SECOND DEGREE,N,TRUE,SECOND DEGREE,2019-03-01
834140,21-1435,2019-03-05,7,BURGLARY - SECOND DEGREE,N,TRUE,SECOND DEGREE,2019-03-01
834300,21-1435,2019-03-18,2,BURGLARY - SECOND DEGREE,N,TRUE,SECOND DEGREE,2019-03-01
834301,21-1435,2018-08-23,3,BURGLARY - SECOND DEGREE,N,TRUE,SECOND DEGREE,2018-08-01
834412,21-1435,2019-03-21,0.5,BURGLARY - SECOND DEGREE,N,TRUE,SECOND DEGREE,2019-03-01
834614,21-1435,2019-12-03,7,BURGLARY - SECOND DEGREE,N,TRUE,SECOND DEGREE,2019-12-01
834669,21-1435,2019-01-09,2,BURGLARY - SECOND DEGREE,N,TRUE,SECOND DEGREE,2019-01-01
834720,21-1435,2019-07-02,0.43,BURGLARY - SECOND DEGREE,N,TRUE,SECOND DEGREE,2019-07-01
834749,21-1435,2019-03-27,0.45,BURGLARY - SECOND DEGREE,N,TRUE,SECOND DEGREE,2019-03-01
834904,21-1435,2019-01-15,5,BURGLARY - SECOND DEGREE,N,TRUE,SECOND DEGREE,2019-01-01
835328,21-1435,2019-02-20,5,BURGLARY - SECOND DEGREE,N,TRUE,SECOND DEGREE,2019-02-01
835481,21-1435,2019-04-05,0.44,BURGLARY - SECOND DEGREE,N,TRUE,SECOND DEGREE,2019-04-01
835874,21-1435,2019-04-11,0.58,BURGLARY - SECOND DEGREE,N,TRUE,SECOND DEGREE,2019-04-01
836096,21-1435,2019-04-16,0.56,BURGLARY - SECOND DEGREE,N,TRUE,SECOND DEGREE,2019-04-01
836168,21-1435,2019-03-25,2,BURGLARY - SECOND DEGREE,N,TRUE,SECOND DEGREE,2019-03-01
836284,21-1435,2019-04-09,0.75,BURGLARY - SECOND DEGREE,N,TRUE,SECOND DEGREE,2019-04-01
836752,21-1435,2019-03-21,4,BURGLARY - SECOND DEGREE,N,TRUE,SECOND DEGREE,2019-03-01
837107,21-1435,2018-09-24,4,BURGLARY - SECOND DEGREE,N,TRUE,SECOND DEGREE,2018-09-01
837380,21-1435,2019-04-12,4,BURGLARY - SECOND DEGREE,N,TRUE,SECOND DEGREE,2019-04-01
837624,21-1435,2019-04-03,4,BURGLARY - SECOND DEGREE,N,TRUE,SECOND DEGREE,2019-04-01
838033,21-1435,2019-04-24,1,BURGLARY - SECOND DEGREE,N,TRUE,SECOND DEGREE,2019-04-01
838239,21-1435,2019-05-16,0.09,BURGLARY - SECOND DEGREE,N,TRUE,SECOND DEGREE,2019-05-01
838282,21-1435,2020-01-03,0.57,BURGLARY - SECOND DEGREE,N,TRUE,SECOND DEGREE,2020-01-01
838307,21-1435,2019-04-26,3,BURGLARY - SECOND DEGREE,N,TRUE,SECOND DEGREE,2019-04-01
838389,21-1435,2019-05-16,2.46,BURGLARY - SECOND DEGREE,N,TRUE,SECOND DEGREE,2019-05-01
838421,21-1435,2019-04-25,8.33,BURGLARY - SECOND DEGREE,N,TRUE,SECOND DEGREE,2019-04-01
838422,21-1435,2019-05-21,0.72,BURGLARY - SECOND DEGREE,N,TRUE,SECOND DEGREE,2019-05-01
839370,21-1435,2019-04-30,2,BURGLARY - SECOND DEGREE,N,TRUE,SECOND DEGREE,2019-04-01
839515,21-1435,2019-05-03,7,BURGLARY - SECOND DEGREE,N,TRUE,SECOND DEGREE,2019-05-01
839520,21-1435,2019-05-03,2,BURGLARY - SECOND DEGREE,N,TRUE,SECOND DEGREE,2019-05-01
839637,21-1435,2019-04-26,3,BURGLARY - SECOND DEGREE,N,TRUE,SECOND DEGREE,2019-04-01
839733,21-1435,2019-03-05,5,BURGLARY - SECOND DEGREE,N,TRUE,SECOND DEGREE,2019-03-01
839873,21-1435,2019-08-22,5,BURGLARY - SECOND DEGREE,N,TRUE,SECOND DEGREE,2019-08-01
839909,21-1435,2019-05-21,7,BURGLARY - SECOND DEGREE,N,TRUE,SECOND DEGREE,2019-05-01
840090,21-1435,2018-06-01,2.85,BURGLARY - SECOND DEGREE,N,TRUE,SECOND DEGREE,2018-06-01
840221,21-1435,2018-12-14,7,BURGLARY - SECOND DEGREE,N,TRUE,SECOND DEGREE,2018-12-01
840328,21-1435,2019-08-29,5,BURGLARY - SECOND DEGREE,N,TRUE,SECOND DEGREE,2019-08-01
840414,21-1435,2019-05-15,3,BURGLARY - SECOND DEGREE,N,TRUE,SECOND DEGREE,2019-05-01
840432,21-1435,2019-06-18,0.45,BURGLARY - SECOND DEGREE,N,TRUE,SECOND DEGREE,2019-06-01
840657,21-1435,2019-06-03,0.35,BURGLARY - SECOND DEGREE,N,TRUE,SECOND DEGREE,2019-06-01
841304,21-1435,2019-06-19,7,BURGLARY - SECOND DEGREE,N,TRUE,SECOND DEGREE,2019-06-01
841356,21-1435,2019-07-02,0.9,BURGLARY - SECOND DEGREE,N,TRUE,SECOND DEGREE,2019-07-01
841383,21-1435,2019-06-26,0.33,BURGLARY - SECOND DEGREE,N,TRUE,SECOND DEGREE,2019-06-01
841593,21-1435,2019-05-31,3,BURGLARY - SECOND DEGREE,N,TRUE,SECOND DEGREE,2019-05-01
841776,21-1435,2019-06-17,4,BURGLARY - SECOND DEGREE,N,TRUE,SECOND DEGREE,2019-06-01
841855,21-1435,2019-06-21,3,BURGLARY - SECOND DEGREE,N,TRUE,SECOND DEGREE,2019-06-01
841975,21-1435,2019-07-11,0.61,BURGLARY - SECOND DEGREE,N,TRUE,SECOND DEGREE,2019-07-01
842093,21-1435,2019-06-14,3.5,BURGLARY - SECOND DEGREE,N,TRUE,SECOND DEGREE,2019-06-01
842187,21-1435,2019-07-12,0.46,BURGLARY - SECOND DEGREE,N,TRUE,SECOND DEGREE,2019-07-01
842269,21-1435,2019-06-04,3,BURGLARY - SECOND DEGREE,N,TRUE,SECOND DEGREE,2019-06-01
842338,21-1435,2019-05-30,3.53,BURGLARY - SECOND DEGREE,N,TRUE,SECOND DEGREE,2019-05-01
842385,21-1435,2019-07-17,0.64,BURGLARY - SECOND DEGREE,N,TRUE,SECOND DEGREE,2019-07-01
842391,21-1435,2019-06-13,5,BURGLARY - SECOND DEGREE,N,TRUE,SECOND DEGREE,2019-06-01
842952,21-1435,2019-06-05,5,BURGLARY - SECOND DEGREE,N,TRUE,SECOND DEGREE,2019-06-01
843030,21-1435,2019-06-27,2,BURGLARY - SECOND DEGREE,N,TRUE,SECOND DEGREE,2019-06-01
843073,21-1435,2019-07-26,0.41,BURGLARY - SECOND DEGREE,N,TRUE,SECOND DEGREE,2019-07-01
843348,21-1435,2019-07-03,3,BURGLARY - SECOND DEGREE,N,TRUE,SECOND DEGREE,2019-07-01
843351,21-1435,2019-07-02,5,BURGLARY - SECOND DEGREE,N,TRUE,SECOND DEGREE,2019-07-01
843355,21-1435,2019-07-02,8,BURGLARY - SECOND DEGREE,N,TRUE,SECOND DEGREE,2019-07-01
843365,21-1435,2018-04-16,5,BURGLARY - SECOND DEGREE,N,TRUE,SECOND DEGREE,2018-04-01
843589,21-1435,2019-06-26,7,BURGLARY - SECOND DEGREE,N,TRUE,SECOND DEGREE,2019-06-01
844251,21-1435,2019-08-01,3,BURGLARY - SECOND DEGREE,N,TRUE,SECOND DEGREE,2019-08-01
844868,21-1435,2019-08-21,0.54,BURGLARY - SECOND DEGREE,N,TRUE,SECOND DEGREE,2019-08-01
844875,21-1435,2019-08-21,0.48,BURGLARY - SECOND DEGREE,N,TRUE,SECOND DEGREE,2019-08-01
845142,21-1435,2019-08-23,0.44,BURGLARY - SECOND DEGREE,N,TRUE,SECOND DEGREE,2019-08-01
845330,21-1435,2019-08-07,6,BURGLARY - SECOND DEGREE,N,TRUE,SECOND DEGREE,2019-08-01
845378,21-1435,2018-09-19,2,BURGLARY - SECOND DEGREE,N,TRUE,SECOND DEGREE,2018-09-01
845522,21-1435,2019-08-05,2.65,BURGLARY - SECOND DEGREE,N,TRUE,SECOND DEGREE,2019-08-01
845791,21-1435,2019-09-30,3,BURGLARY - SECOND DEGREE,N,TRUE,SECOND DEGREE,2019-09-01
846242,21-1435,2019-08-14,5,BURGLARY - SECOND DEGREE,N,TRUE,SECOND DEGREE,2019-08-01
846256,21-1435,2019-09-10,0.4,BURGLARY - SECOND DEGREE,N,TRUE,SECOND DEGREE,2019-09-01
846475,21-1435,2019-09-12,0.41,BURGLARY - SECOND DEGREE,N,TRUE,SECOND DEGREE,2019-09-01
846822,21-1435,2019-08-23,3,BURGLARY - SECOND DEGREE,N,TRUE,SECOND DEGREE,2019-08-01
846989,21-1435,2019-08-27,5,BURGLARY - SECOND DEGREE,N,TRUE,SECOND DEGREE,2019-08-01
847009,21-1435,2019-08-21,3,BURGLARY - SECOND DEGREE,N,TRUE,SECOND DEGREE,2019-08-01
847248,21-1435,2019-12-03,5,BURGLARY - SECOND DEGREE,N,TRUE,SECOND DEGREE,2019-12-01
847267,21-1435,2019-12-04,6,BURGLARY - SECOND DEGREE,N,TRUE,SECOND DEGREE,2019-12-01
847466,21-1435,2019-08-26,7,BURGLARY - SECOND DEGREE,N,TRUE,SECOND DEGREE,2019-08-01
847615,21-1435,2019-09-09,7,BURGLARY - SECOND DEGREE,N,TRUE,SECOND DEGREE,2019-09-01
847775,21-1435,2019-09-17,2,BURGLARY - SECOND DEGREE,N,TRUE,SECOND DEGREE,2019-09-01
847779,21-1435,2019-09-16,5,BURGLARY - SECOND DEGREE,N,TRUE,SECOND DEGREE,2019-09-01
847801,21-1435,2019-09-10,7,BURGLARY - SECOND DEGREE,N,TRUE,SECOND DEGREE,2019-09-01
847811,21-1435,2019-09-11,4,BURGLARY - SECOND DEGREE,N,TRUE,SECOND DEGREE,2019-09-01
847977,21-1435,2019-09-03,7,BURGLARY - SECOND DEGREE,N,TRUE,SECOND DEGREE,2019-09-01
848268,21-1435,2019-09-23,5,BURGLARY - SECOND DEGREE,N,TRUE,SECOND DEGREE,2019-09-01
848872,21-1435,2019-10-08,0.49,BURGLARY - SECOND DEGREE,N,TRUE,SECOND DEGREE,2019-10-01
848960,21-1435,2019-09-27,4,BURGLARY - SECOND DEGREE,N,TRUE,SECOND DEGREE,2019-09-01
849081,21-1435,2019-10-22,0.62,BURGLARY - SECOND DEGREE,N,TRUE,SECOND DEGREE,2019-10-01
849245,21-1435,2019-09-27,5,BURGLARY - SECOND DEGREE,N,TRUE,SECOND DEGREE,2019-09-01
849404,21-1435,2019-07-25,7,BURGLARY - SECOND DEGREE,N,TRUE,SECOND DEGREE,2019-07-01
849516,21-1435,2020-02-28,0.4,BURGLARY - SECOND DEGREE,N,TRUE,SECOND DEGREE,2020-02-01
849863,21-1435,2019-11-01,0.28,BURGLARY - SECOND DEGREE,N,TRUE,SECOND DEGREE,2019-11-01
850062,21-1435,2019-11-06,0.75,BURGLARY - SECOND DEGREE,N,TRUE,SECOND DEGREE,2019-11-01
850123,21-1435,2018-09-26,3,BURGLARY - SECOND DEGREE,N,TRUE,SECOND DEGREE,2018-09-01
850400,21-1435,2019-10-29,3,BURGLARY - SECOND DEGREE,N,TRUE,SECOND DEGREE,2019-10-01
850434,21-1435,2019-10-17,4,BURGLARY - SECOND DEGREE,N,TRUE,SECOND DEGREE,2019-10-01
850539,21-1435,2019-11-14,0.52,BURGLARY - SECOND DEGREE,N,TRUE,SECOND DEGREE,2019-11-01
851060,21-1435,2019-11-13,10,BURGLARY - SECOND DEGREE,N,TRUE,SECOND DEGREE,2019-11-01
851181,21-1435,2019-11-26,0.45,BURGLARY - SECOND DEGREE,N,TRUE,SECOND DEGREE,2019-11-01
851288,21-1435,2019-11-07,5,BURGLARY - SECOND DEGREE,N,TRUE,SECOND DEGREE,2019-11-01
851566,21-1435,2019-11-21,6,BURGLARY - SECOND DEGREE,N,TRUE,SECOND DEGREE,2019-11-01
851623,21-1435,2019-11-14,7,BURGLARY - SECOND DEGREE,N,TRUE,SECOND DEGREE,2019-11-01
851628,21-1435,2019-11-26,2,BURGLARY - SECOND DEGREE,N,TRUE,SECOND DEGREE,2019-11-01
851646,21-1435,2019-11-08,5,BURGLARY - SECOND DEGREE,N,TRUE,SECOND DEGREE,2019-11-01
851755,21-1435,2019-11-20,5,BURGLARY - SECOND DEGREE,N,TRUE,SECOND DEGREE,2019-11-01
851899,21-1435,2019-11-18,5,BURGLARY - SECOND DEGREE,N,TRUE,SECOND DEGREE,2019-11-01
851982,21-1435,2019-11-21,3,BURGLARY - SECOND DEGREE,N,TRUE,SECOND DEGREE,2019-11-01
852102,21-1435,2019-12-12,0.24,BURGLARY - SECOND DEGREE,N,TRUE,SECOND DEGREE,2019-12-01
852123,21-1435,2019-11-22,5,BURGLARY - SECOND DEGREE,N,TRUE,SECOND DEGREE,2019-11-01
852199,21-1435,2019-11-22,3,BURGLARY - SECOND DEGREE,N,TRUE,SECOND DEGREE,2019-11-01
852215,21-1435,2018-11-30,5,BURGLARY - SECOND DEGREE,N,TRUE,SECOND DEGREE,2018-11-01
852221,21-1435,2019-12-13,0.76,BURGLARY - SECOND DEGREE,N,TRUE,SECOND DEGREE,2019-12-01
852318,21-1435,2019-11-07,7,BURGLARY - SECOND DEGREE,N,TRUE,SECOND DEGREE,2019-11-01
852414,21-1435,2019-12-18,0.34,BURGLARY - SECOND DEGREE,N,TRUE,SECOND DEGREE,2019-12-01
852849,21-1435,2019-12-31,0.35,BURGLARY - SECOND DEGREE,N,TRUE,SECOND DEGREE,2019-12-01
852883,21-1435,2018-09-24,7,BURGLARY - SECOND DEGREE,N,TRUE,SECOND DEGREE,2018-09-01
852886,21-1435,2019-11-25,7,BURGLARY - SECOND DEGREE,N,TRUE,SECOND DEGREE,2019-11-01
852902,21-1435,2020-02-10,2,BURGLARY - SECOND DEGREE,N,TRUE,SECOND DEGREE,2020-02-01
853248,21-1435,2019-12-20,5,BURGLARY - SECOND DEGREE,N,TRUE,SECOND DEGREE,2019-12-01
853251,21-1435,2020-01-08,0.67,BURGLARY - SECOND DEGREE,N,TRUE,SECOND DEGREE,2020-01-01
853262,21-1435,2020-01-08,0.74,BURGLARY - SECOND DEGREE,N,TRUE,SECOND DEGREE,2020-01-01
853362,21-1435,2020-01-09,0.77,BURGLARY - SECOND DEGREE,N,TRUE,SECOND DEGREE,2020-01-01
660036,21-1435.B,2019-11-08,5,BURGLARY - THIRD DEGREE,N,TRUE,THIRD DEGREE,2019-11-01
677732,21-1435.B,2020-01-02,4,BURGLARY - THIRD DEGREE,N,TRUE,THIRD DEGREE,2020-01-01
733300,21-1435.B,2019-07-23,3,BURGLARY - THIRD DEGREE,N,TRUE,THIRD DEGREE,2019-07-01
842936,21-1435.B,2019-08-08,0.46,BURGLARY - THIRD DEGREE,N,TRUE,THIRD DEGREE,2019-08-01
848588,21-1435.B,2019-09-19,6,BURGLARY - THIRD DEGREE,N,TRUE,THIRD DEGREE,2019-09-01
850240,21-1435.B,2019-10-07,4,BURGLARY - THIRD DEGREE,N,TRUE,THIRD DEGREE,2019-10-01
850551,21-1435.B,2019-11-14,0.58,BURGLARY - THIRD DEGREE,N,TRUE,THIRD DEGREE,2019-11-01
850653,21-1435.B,2019-10-29,5,BURGLARY - THIRD DEGREE,N,TRUE,THIRD DEGREE,2019-10-01
852504,21-1435.B,2019-11-18,3,BURGLARY - THIRD DEGREE,N,TRUE,THIRD DEGREE,2019-11-01
853256,21-1435.B,2020-01-08,0.64,BURGLARY - THIRD DEGREE,N,TRUE,THIRD DEGREE,2020-01-01
758251,63-2-403,2018-06-25,2,LARCENY/BURGLARY OF CDS,N,TRUE,NA,2018-06-01
789896,63-2-403,2018-03-09,5,LARCENY/BURGLARY OF CDS,N,TRUE,NA,2018-03-01
798705,63-2-403,2018-01-22,5,LARCENY/BURGLARY OF CDS,N,TRUE,NA,2018-01-01
828547,63-2-403,2018-12-18,3.23,LARCENY/BURGLARY OF CDS,N,TRUE,NA,2018-12-01
835491,63-2-403,2019-03-19,6,LARCENY/BURGLARY OF CDS,N,TRUE,NA,2019-03-01
846226,63-2-403,2019-09-10,0.57,LARCENY/BURGLARY OF CDS,N,TRUE,NA,2019-09-01
846228,63-2-403,2019-09-10,0.57,LARCENY/BURGLARY OF CDS,N,TRUE,NA,2019-09-01
846266,63-2-403,2019-09-10,0.58,LARCENY/BURGLARY OF CDS,N,TRUE,NA,2019-09-01
846267,63-2-403,2019-09-10,0.65,LARCENY/BURGLARY OF CDS,N,TRUE,NA,2019-09-01
853770,21-1431.T,2019-12-09,3,BURGLARY - FIRST DEGREE (85 PCT),Y,TRUE,FIRST DEGREE,2019-12-01
854471,21-1431.T,2020-01-15,7,BURGLARY - FIRST DEGREE (85 PCT),Y,TRUE,FIRST DEGREE,2020-01-01
855224,21-1431.T,2020-02-03,5,BURGLARY - FIRST DEGREE (85 PCT),Y,TRUE,FIRST DEGREE,2020-02-01
855259,21-1431.T,2020-01-21,10,BURGLARY - FIRST DEGREE (85 PCT),Y,TRUE,FIRST DEGREE,2020-01-01
855261,21-1431.T,2020-01-08,17,BURGLARY - FIRST DEGREE (85 PCT),Y,TRUE,FIRST DEGREE,2020-01-01
855318,21-1431.T,2020-01-23,3,BURGLARY - FIRST DEGREE (85 PCT),Y,TRUE,FIRST DEGREE,2020-01-01
855437,21-1431.T,2020-01-22,8,BURGLARY - FIRST DEGREE (85 PCT),Y,TRUE,FIRST DEGREE,2020-01-01
855543,21-1431.T,2020-01-28,3,BURGLARY - FIRST DEGREE (85 PCT),Y,TRUE,FIRST DEGREE,2020-01-01
855851,21-1431.T,2020-01-17,15,BURGLARY - FIRST DEGREE (85 PCT),Y,TRUE,FIRST DEGREE,2020-01-01
856024,21-1431.T,2020-01-23,3,BURGLARY - FIRST DEGREE (85 PCT),Y,TRUE,FIRST DEGREE,2020-01-01
856319,21-1431.T,2020-02-06,5,BURGLARY - FIRST DEGREE (85 PCT),Y,TRUE,FIRST DEGREE,2020-02-01
856366,21-1431.T,2020-01-28,2,BURGLARY - FIRST DEGREE (85 PCT),Y,TRUE,FIRST DEGREE,2020-01-01
853591,21-1435,2019-12-19,3,BURGLARY - SECOND DEGREE,N,TRUE,SECOND DEGREE,2019-12-01
854002,21-1435,2020-01-09,5,BURGLARY - SECOND DEGREE,N,TRUE,SECOND DEGREE,2020-01-01
854614,21-1435,2020-01-16,7,BURGLARY - SECOND DEGREE,N,TRUE,SECOND DEGREE,2020-01-01
854724,21-1435,2020-01-31,0.51,BURGLARY - SECOND DEGREE,N,TRUE,SECOND DEGREE,2020-01-01
855133,21-1435,2020-02-07,0.57,BURGLARY - SECOND DEGREE,N,TRUE,SECOND DEGREE,2020-02-01
855307,21-1435,2020-02-12,0.67,BURGLARY - SECOND DEGREE,N,TRUE,SECOND DEGREE,2020-02-01
855361,21-1435,2019-10-21,7,BURGLARY - SECOND DEGREE,N,TRUE,SECOND DEGREE,2019-10-01
855469,21-1435,2020-01-15,6,BURGLARY - SECOND DEGREE,N,TRUE,SECOND DEGREE,2020-01-01
855879,21-1435,2019-02-06,0.41,BURGLARY - SECOND DEGREE,N,TRUE,SECOND DEGREE,2019-02-01
855881,21-1435,2020-02-20,0.69,BURGLARY - SECOND DEGREE,N,TRUE,SECOND DEGREE,2020-02-01
855891,21-1435,2020-01-15,3,BURGLARY - SECOND DEGREE,N,TRUE,SECOND DEGREE,2020-01-01
855957,21-1435,2020-01-21,7,BURGLARY - SECOND DEGREE,N,TRUE,SECOND DEGREE,2020-01-01
855958,21-1435,2020-02-07,2,BURGLARY - SECOND DEGREE,N,TRUE,SECOND DEGREE,2020-02-01
856120,21-1435,2020-02-12,5,BURGLARY - SECOND DEGREE,N,TRUE,SECOND DEGREE,2020-02-01
856138,21-1435,2020-02-07,5,BURGLARY - SECOND DEGREE,N,TRUE,SECOND DEGREE,2020-02-01
856399,21-1435,2020-02-03,7,BURGLARY - SECOND DEGREE,N,TRUE,SECOND DEGREE,2020-02-01
856413,21-1435,2020-02-24,3,BURGLARY - SECOND DEGREE,N,TRUE,SECOND DEGREE,2020-02-01
856532,21-1435,2020-02-21,4,BURGLARY - SECOND DEGREE,N,TRUE,SECOND DEGREE,2020-02-01
856533,21-1435,2020-02-21,2,BURGLARY - SECOND DEGREE,N,TRUE,SECOND DEGREE,2020-02-01
857194,21-1435,2020-02-27,2,BURGLARY - SECOND DEGREE,N,TRUE,SECOND DEGREE,2020-02-01
858192,21-1435,2020-02-26,5,BURGLARY - SECOND DEGREE,N,TRUE,SECOND DEGREE,2020-02-01
854263,21-1435.B,2020-01-23,0.63,BURGLARY - THIRD DEGREE,N,TRUE,THIRD DEGREE,2020-01-01
